年月,変動金利（赤）,固定3年（緑）,固定10年（青）,政策金利,10年国債金利（長期金利）,ドル円レート,日経平均株価,都心23区,都心6区,城南・城西6区,城北・城東11区,大阪6区,名古屋3区,備考
1978-01,7.62,,,4.25,6.3,241.60,"5,112",,,,,,,データ開始（長期金利含む全網羅）
1978-02,7.62,,,4.25,6.3,238.10,"5,223",,,,,,,
1978-03,7.62,,,3.5,6.1,229.89,"5,448",,,,,,,日銀：公定歩合引き下げ
1978-04,7.62,,,3.5,6.1,224.97,"5,534",,,,,,,
1978-05,7.62,,,3.5,6.1,221.34,"5,470",,,,,,,
1978-06,7.62,,,3.5,6.1,203.71,"5,543",,,,,,,
1978-07,7.62,,,3.5,6.1,189.14,"5,601",,,,,,,
1978-08,7.62,,,3.5,6.1,190.51,"5,585",,,,,,,
1978-09,7.62,,,3.5,6.1,189.19,"5,772",,,,,,,
1978-10,7.62,,,3.5,6.1,179.50,"5,903",,,,,,,
1978-11,7.62,,,3.5,6.1,199.10,"5,967",,,,,,,
1978-12,7.62,,,3.5,6.1,194.30,"6,002",,,,,,,
1979-01,7.62,,,3.5,6.1,202.20,"6,213",,,,,,,
1979-02,7.62,,,3.5,6.1,202.65,"6,073",,,,,,,
1979-03,7.62,,,3.5,6.1,209.58,"6,134",,,,,,,
1979-04,7.62,,,4.25,7.2,221.80,"6,223",,,,,,,日銀：利上げ開始 / 長期金利が先行上昇
1979-05,7.62,,,4.25,7.2,220.35,"6,253",,,,,,,
1979-06,7.62,,,4.25,7.2,217.80,"6,247",,,,,,,
1979-07,8.12,,,5.25,7.9,216.70,"6,314",,,,,,,
1979-08,8.12,,,5.25,7.9,220.40,"6,436",,,,,,,
1979-09,8.12,,,5.25,7.9,224.50,"6,569",,,,,,,
1979-10,8.12,,,5.25,7.9,237.85,"6,444",,,,,,,
1979-11,8.12,,,6.25,8.3,249.55,"6,450",,,,,,,
1979-12,8.12,,,6.25,8.3,240.30,"6,569",,,,,,,
1980-01,8.12,,,6.25,8.3,239.33,"6,768",,,,,,,
1980-02,8.12,,,7.25,8.8,251.65,"6,765",,,,,,,
1980-03,8.12,,,9,9.2,249.95,"6,556",,,,,,,日銀：公定歩合最高9.00% / 長期金利もピークの9.2%超へ
1980-04,8.12,,,9,9.2,239.35,"6,866",,,,,,,
1980-05,8.88,,,9,8.9,223.00,"6,856",,,,,,,銀行：住宅ローン店頭金利が歴史上最高値の8.88%を記録
1980-06,8.88,,,9,8.9,219.90,"6,871",,,,,,,
1980-07,8.88,,,9,8.9,227.40,"6,820",,,,,,,
1980-08,8.88,,,8.25,8.4,219.10,"6,914",,,,,,,日銀：利下げ転換
1980-09,8.88,,,8.25,8.4,210.85,"7,076",,,,,,,
1980-10,8.88,,,8.25,8.4,211.05,"7,151",,,,,,,
1980-11,8.88,,,7.25,8.1,216.60,"7,124",,,,,,,
1980-12,8.88,,,7.25,8.1,203.10,"7,063",,,,,,,
1981-01,8.88,,,7.25,8.1,206.70,"7,254",,,,,,,
1981-02,8.88,,,7.25,8.1,209.70,"7,147",,,,,,,
1981-03,8.52,,,6.25,7.8,211.25,"7,334",,,,,,,
1981-04,8.52,,,6.25,7.8,215.78,"7,674",,,,,,,
1981-05,8.52,,,6.25,7.8,223.90,"7,540",,,,,,,
1981-06,8.52,,,6.25,7.8,226.85,"7,867",,,,,,,
1981-07,8.52,,,6.25,7.8,240.40,"7,828",,,,,,,
1981-08,8.52,,,6.25,7.8,230.50,"7,816",,,,,,,
1981-09,8.52,,,6.25,7.8,232.30,"7,456",,,,,,,
1981-10,8.52,,,6.25,7.8,232.80,"7,449",,,,,,,
1981-11,8.52,,,6.25,7.8,214.20,"7,549",,,,,,,
1981-12,8.52,,,5.5,7.5,219.80,"7,682",,,,,,,
1982-01,8.52,,,5.5,7.5,228.30,"7,919",,,,,,,
1982-02,8.52,,,5.5,7.5,237.25,"7,549",,,,,,,
1982-03,8.4,,,5.5,7.3,248.25,"7,260",,,,,,,
1982-04,8.4,,,5.5,7.3,235.85,"7,391",,,,,,,
1982-05,8.4,,,5.5,7.3,243.30,"7,326",,,,,,,
1982-06,8.4,,,5.5,7.3,255.00,"7,214",,,,,,,
1982-07,8.4,,,5.5,7.3,258.10,"7,122",,,,,,,
1982-08,8.4,,,5.5,7.3,261.10,"7,123",,,,,,,
1982-09,8.4,,,5.5,7.3,268.30,"6,911",,,,,,,
1982-10,8.4,,,5.5,7.3,277.10,"7,259",,,,,,,
1982-11,8.4,,,5.5,7.3,249.20,"7,896",,,,,,,
1982-12,8.4,,,5.5,7.3,234.70,"8,017",,,,,,,
1983-01,8.4,,,5.5,7.3,239.85,"8,103",,,,,,,
1983-02,8.4,,,5.5,7.3,237.85,"8,086",,,,,,,
1983-03,8.4,,,5.5,7.3,239.00,"8,479",,,,,,,
1983-04,8.4,,,5.5,7.3,238.30,"8,637",,,,,,,
1983-05,8.4,,,5.5,7.3,238.85,"8,618",,,,,,,
1983-06,8.4,,,5.5,7.3,239.28,"8,871",,,,,,,
1983-07,8.4,,,5.5,7.3,241.75,"9,079",,,,,,,
1983-08,8.4,,,5.5,7.3,246.45,"9,189",,,,,,,
1983-09,8.4,,,5.5,7.3,235.65,"9,403",,,,,,,
1983-10,8.4,,,5,7.1,234.05,"9,357",,,,,,,
1983-11,8.4,,,5,7.1,232.50,"9,320",,,,,,,
1983-12,8.4,,,5,7.1,231.70,"9,894",,,,,,,
1984-01,8.5,,,5,6.8,234.67,"10,196",,,,,,,元画像のグラフ開始（バブル前夜）
1984-02,8.5,,,5,6.8,233.43,"10,031",,,,,,,
1984-03,8.5,,,5,6.8,224.75,"10,929",,,,,,,
1984-04,8.5,,,5,6.8,227.00,"10,982",,,,,,,
1984-05,8.5,,,5,6.8,231.58,"9,940",,,,,,,
1984-06,8.5,,,5,6.8,237.30,"10,378",,,,,,,
1984-07,8.5,,,5,6.8,245.30,"9,999",,,,,,,
1984-08,8.5,,,5,6.8,241.90,"10,584",,,,,,,
1984-09,8.5,,,5,6.8,246.90,"10,649",,,,,,,
1984-10,8.5,,,5,6.8,245.70,"11,253",,,,,,,
1984-11,8.5,,,5,6.8,247.50,"11,429",,,,,,,
1984-12,8.5,,,5,6.8,251.60,"11,543",,,,,,,
1985-01,8.5,,,5,6.8,254.80,"11,992",,,,,,,
1985-02,8.5,,,5,6.8,259.45,"12,322",,,,,,,
1985-03,8.5,,,5,6.8,251.00,"12,581",,,,,,,
1985-04,8.5,,,5,6.8,251.50,"12,426",,,,,,,
1985-05,8.5,,,5,6.8,251.20,"12,758",,,,,,,
1985-06,8.5,,,5,6.8,248.40,"12,882",,,,,,,
1985-07,8.5,,,5,6.8,236.45,"12,232",,,,,,,
1985-08,8.5,,,5,6.8,239.00,"12,713",,,,,,,
1985-09,8.5,,,5,6.8,216.50,"12,700",,,,,,,
1985-10,8.5,,,5,6.8,211.55,"12,936",,,,,,,
1985-11,8.5,,,5,6.8,202.10,"12,763",,,,,,,
1985-12,8.5,,,5,6.8,200.25,"13,083",,,,,,,
1986-01,7.5,,,4.5,5.2,192.30,"13,024",,,,,,,
1986-02,7.5,,,4.5,5.2,180.55,"13,641",,,,,,,
1986-03,7.5,,,4.5,5.2,177.60,"15,860",,,,,,,
1986-04,7.5,,,4.5,5.2,167.60,"15,826",,,,,,,
1986-05,7.5,,,4.5,5.2,174.50,"16,671",,,,,,,
1986-06,7.5,,,4.5,5.2,163.80,"17,654",,,,,,,
1986-07,7.5,,,4.5,5.201,153.85,"17,510",,,,,,,
1986-08,7.5,,,4.5,5.116,154.55,"18,534",,,,,,,
1986-09,7.5,,,4.5,5.638,154.35,"17,853",,,,,,,
1986-10,7.5,,,4.5,5.697,163.40,"16,911",,,,,,,
1986-11,7.5,,,4.5,5.487,162.05,"18,083",,,,,,,
1986-12,7.5,,,4.5,5.364,158.30,"18,821",,,,,,,
1987-01,7.5,,,4.5,5.152,153.65,"20,048",,,,,,,
1987-02,5.5,,,2.5,5.088,153.27,"20,422",,,,,,,日銀：公定歩合2.5%（当時最低） / 長期金利も一時低下
1987-03,5.5,,,2.5,4.485,145.68,"21,567",,,,,,,
1987-04,5.5,,,2.5,4.104,140.67,"23,275",,,,,,,
1987-05,5.5,,,2.5,3.780,144.10,"24,772",,,,,,,
1987-06,5.5,,,2.5,4.602,146.80,"24,176",,,,,,,
1987-07,5.5,,,2.5,5.253,149.90,"24,488",,,,,,,
1987-08,5.5,,,2.5,5.489,141.75,"26,029",,,,,,,
1987-09,5.5,,,2.5,6.307,146.50,"26,011",,,,,,,
1987-10,5.5,,,2.5,5.285,138.40,"22,765",,,,,,,
1987-11,5.5,,,2.5,5.272,132.42,"22,687",,,,,,,
1987-12,5.5,,,2.5,4.824,121.25,"21,564",,,,,,,
1988-01,5.5,,,2.5,4.138,127.75,"23,622",,,,,,,
1988-02,5.5,,,2.5,4.583,128.45,"25,243",,,,,,,
1988-03,5.5,,,2.5,4.786,124.10,"26,260",,,,,,,
1988-04,5.5,,,2.5,4.788,124.92,"27,434",,,,,,,
1988-05,5.5,,,2.5,5.086,125.11,"27,417",,,,,,,
1988-06,5.5,,,2.5,5.380,133.53,"27,769",,,,,,,
1988-07,5.5,,,2.5,5.358,133.05,"27,912",,,,,,,
1988-08,5.5,,,2.5,5.615,136.52,"27,366",,,,,,,
1988-09,5.5,,,2.5,5.165,133.90,"27,924",,,,,,,
1988-10,5.5,,,2.5,4.787,125.50,"27,983",,,,,,,
1988-11,5.5,,,2.5,4.688,121.90,"29,579",,,,,,,
1988-12,5.5,,,2.5,4.611,125.05,"30,159",,,,,,,
1989-01,5.5,,,2.5,4.831,130.50,"31,581",,,,,,,
1989-02,5.5,,,2.5,5.106,126.87,"31,986",,,,,,,
1989-03,5.5,,,2.5,5.112,132.77,"32,839",,,,,,,
1989-04,5.5,,,2.5,5.166,132.85,"33,713",,,,,,,
1989-05,5.7,,,3.25,5.054,142.33,"34,267",,,,,,,日銀：バブル期利上げ開始
1989-06,5.7,,,3.25,5.305,144.00,"32,949",,,,,,,
1989-07,5.7,,,3.25,4.914,136.95,"34,954",,,,,,,
1989-08,5.7,,,3.25,5.083,144.60,"34,431",,,,,,,
1989-09,5.7,,,3.25,5.025,139.60,"35,637",,,,,,,
1989-10,5.7,,,3.25,5.429,142.73,"35,549",,,,,,,
1989-11,5.7,,,3.25,5.421,142.91,"37,269",,,,,,,
1989-12,5.7,,,3.25,5.616,143.80,"38,916",,,,,,,
1990-01,5.7,,,3.25,6.376,144.55,"37,189",,,,,,,
1990-02,5.7,,,3.25,6.436,148.82,"34,592",,,,,,,
1990-03,5.7,,,3.25,6.816,157.82,"29,980",,,,,,,
1990-04,5.7,,,3.25,6.723,158.85,"29,585",,,,,,,
1990-05,5.7,,,3.25,6.263,152.64,"33,131",,,,,,,
1990-06,5.7,,,3.25,6.704,152.35,"31,940",,,,,,,
1990-07,5.7,,,3.25,7.023,146.13,"31,036",,,,,,,
1990-08,7.5,,,6,7.557,143.93,"25,978",,,,,,,日銀：公定歩合最高6.0% / 長期金利が約8.0%まで急騰
1990-09,7.5,,,6,8.105,138.27,"20,984",,,,,,,
1990-10,7.5,,,6,7.441,129.95,"25,194",,,,,,,
1990-11,7.5,,,6,6.959,133.10,"22,455",,,,,,,
1990-12,7.5,,,6,6.619,135.75,"23,849",,,,,,,
1991-01,7.5,,,6,6.493,131.45,"23,293",,,,,,,
1991-02,7.5,,,6,6.467,132.95,"26,409",,,,,,,
1991-03,7.5,,,6,6.572,140.60,"26,292",,,,,,,
1991-04,7.5,,,6,6.650,136.38,"26,111",,,,,,,
1991-05,7.5,,,6,6.562,138.45,"25,790",,,,,,,
1991-06,7.5,,,6,6.774,137.90,"23,291",,,,,,,
1991-07,8.5,,,5.5,6.516,137.42,"24,121",,,,,,,日銀：利下げ転換 / 変動ローンはピークの8.50%
1991-08,8.5,,,5.5,6.322,136.85,"22,336",,,,,,,
1991-09,8.5,,,5.5,6.083,132.85,"23,916",,,,,,,
1991-10,8.5,,,5.5,6.025,130.60,"25,222",,,,,,,
1991-11,8.5,,,5.5,5.971,130.08,"22,687",,,,,,,
1991-12,8.5,,,5.5,5.575,124.90,"22,984",,,,,,,
1992-01,8.5,,,5.5,5.566,125.55,"22,023",,,,,,,
1992-02,8.5,,,5.5,5.560,129.15,"21,339",,,,,,,
1992-03,8.5,,,5.5,5.508,132.92,"19,346",,,,,,,
1992-04,8.5,,,5.5,5.794,133.30,"17,391",,,,,,,
1992-05,8.5,,,5.5,5.664,127.75,"18,348",,,,,,,
1992-06,8.5,,,5.5,5.534,125.87,"15,952",,,,,,,
1992-07,8.5,,,5.5,5.299,127.35,"15,910",,,,,,,
1992-08,8.5,,,5.5,5.143,122.95,"18,061",,,,,,,
1992-09,8.5,,,5.5,5.032,120.00,"17,399",,,,,,,
1992-10,8.5,,,5.5,4.970,123.30,"16,767",,,,,,,
1992-11,8.5,,,5.5,4.907,124.42,"17,684",,,,,,,
1992-12,8.5,,,5.5,4.970,124.85,"16,925",,,,,,,
1993-01,8.5,,,5.5,4.738,124.97,"17,024",,,,,,,
1993-02,8.5,,,5.5,4.248,118.10,"16,953",,,,,,,
1993-03,8.5,,,5.5,4.565,114.90,"18,591",,,,,,,
1993-04,8.5,,,5.5,4.688,111.27,"20,919",,,,,,,
1993-05,8.5,,,5.5,4.850,107.17,"20,552",,,,,,,
1993-06,8.5,,,5.5,4.674,106.80,"19,590",,,,,,,
1993-07,8.5,,,5.5,4.398,105.05,"20,380",,,,,,,
1993-08,8.5,,,5.5,4.292,104.73,"21,027",,,,,,,
1993-09,6,,,1.75,4.014,106.05,"20,106",,,,,,,
1993-10,6,,,1.75,3.910,108.35,"19,703",,,,,,,
1993-11,6,,,1.75,3.604,109.08,"16,407",,,,,,,
1993-12,6,,,1.75,3.413,111.70,"17,417",,,,,,,
1994-01,6,,,1.75,3.993,108.72,"20,229",,,,,,,
1994-02,6,,,1.75,4.165,104.22,"19,997",,,,,,,
1994-03,6,,,1.75,4.137,102.40,"19,112",,,,,,,
1994-04,6,,,1.75,4.150,102.05,"19,725",,,,,,,
1994-05,6,,,1.75,3.942,104.74,"20,974",,,,,,,
1994-06,6,,,1.75,4.359,98.51,"20,644",,,,,,,
1994-07,6,,,1.75,4.473,100.05,"20,449",,,,,,,
1994-08,6,,,1.75,4.823,100.11,"20,629",,,,,,,
1994-09,6,,,1.75,4.600,99.05,"19,564",,,,,,,
1994-10,6,,,1.75,4.707,96.90,"19,990",,,,,,,
1994-11,6,,,1.75,4.630,98.91,"19,076",,,,,,,
1994-12,6,,,1.75,4.555,99.60,"19,723",,,,,,,
1995-01,6,,,1.75,4.633,99.43,"18,650",,,,,,,
1995-02,6,,,1.75,4.425,96.60,"17,053",,,,,,,
1995-03,6,,,1.75,3.807,86.85,"16,140",,,,,,,
1995-04,6,,,1.75,3.598,84.04,"16,807",,,,,,,
1995-05,6,,,1.75,3.032,84.65,"15,437",,,,,,,
1995-06,6,,,1.75,2.971,84.78,"14,517",,,,,,,
1995-07,6,,,1.75,3.105,88.34,"16,678",,,,,,,
1995-08,6,,,1.75,3.308,97.75,"18,117",,,,,,,
1995-09,4,4.5,,0.5,2.875,99.10,"17,913",,,,,,,銀行：固定3年ローン取扱開始
1995-10,4,4.5,,0.5,2.962,102.26,"17,655",,,,,,,
1995-11,4,4.5,,0.5,2.930,101.80,"18,744",,,,,,,
1995-12,4,4.5,,0.5,3.165,103.28,"19,868",,,,,,,
1996-01,4,4.5,,0.5,3.218,106.95,"20,813",,,,,,,
1996-02,4,4.5,,0.5,3.448,105.12,"20,125",,,,,,,
1996-03,4,4.5,,0.5,3.204,107.00,"21,407",,,,,,,
1996-04,4,4.5,,0.5,3.432,104.63,"22,041",,,,,,,
1996-05,4,4.5,,0.5,3.244,107.99,"21,956",,,,,,,
1996-06,4,4.5,,0.5,3.263,109.48,"22,531",,,,,,,
1996-07,4,4.5,,0.5,3.306,106.77,"20,693",,,,,,,
1996-08,4,4.5,,0.5,3.009,108.70,"20,167",,,,,,,
1996-09,4,4.5,,0.5,2.904,111.65,"21,556",,,,,,,
1996-10,4,4.5,,0.5,2.639,113.79,"20,467",,,,,,,
1996-11,2.625,2,,0.5,2.594,113.88,"21,020",,,,,,,銀行：短プラ連動により変動ローンを2.625%に固定化
1996-12,2.625,2,,0.5,2.778,115.77,"19,361",,,,,,,
1997-01,2.625,2,3.7,0.5,2.582,121.25,"18,330",,,,,,,銀行：固定10年ローンデータ登場（長期金利に連動して設定）
1997-02,2.625,2,3.7,0.5,2.602,120.83,"18,557",,,,,,,
1997-03,2.625,2,3.7,0.5,2.474,123.72,"18,003",,,,,,,
1997-04,2.625,2,3.7,0.5,2.558,127.03,"19,151",,,,,,,
1997-05,2.625,2,3.7,0.5,2.759,116.40,"20,069",,,,,,,
1997-06,2.625,2,3.7,0.5,2.589,114.61,"20,605",,,,,,,
1997-07,2.625,2,3.7,0.5,2.375,118.37,"20,331",,,,,,,
1997-08,2.625,2,3.7,0.5,2.256,120.65,"18,229",,,,,,,
1997-09,2.625,2,3.7,0.5,2.159,120.71,"17,888",,,,,,,
1997-10,2.625,2,3.7,0.5,1.873,120.39,"16,459",,,,,,,
1997-11,2.625,2,3.7,0.5,2.017,127.74,"16,636",,,,,,,
1997-12,2.625,2,3.7,0.5,1.934,130.45,"15,259",,,,,,,
1998-01,2.625,2.2,3.5,0.5,2.009,127.10,"16,628",,,,,,,
1998-02,2.625,2.2,3.5,0.5,1.919,126.12,"16,832",,,,,,,
1998-03,2.625,2.2,3.5,0.5,1.881,133.29,"16,527",,,,,,,
1998-04,2.625,2.2,3.5,0.5,1.759,132.37,"15,641",,,,,,,
1998-05,2.625,2.2,3.5,0.5,1.507,138.50,"15,671",,,,,,,
1998-06,2.625,2.2,3.5,0.5,1.629,138.29,"15,830",,,,,,,
1998-07,2.625,2.2,3.5,0.5,1.572,144.65,"16,379",,,,,,,
1998-08,2.625,2.2,3.5,0.5,1.338,140.90,"14,108",,,,,,,
1998-09,2.625,2.2,3.5,0.5,0.827,136.59,"13,406",,,,,,,
1998-10,2.625,2.2,3.5,0.5,0.879,116.45,"13,565",,,,,,,
1998-11,2.625,2.2,3.5,0.5,1.134,123.21,"14,884",,,,,,,
1998-12,2.625,2.2,3.5,0.5,2.117,113.08,"13,842",,,,,,,
1999-01,2.625,2.2,3.5,0.5,2.070,116.00,"14,499",,,,,,,
1999-02,2.625,2.2,3.5,0,1.993,118.70,"14,368",,,,,,,日銀：ゼロ金利政策導入
1999-03,2.625,2.2,3.5,0,1.716,118.43,"15,837",,,,,,,
1999-04,2.625,2.2,3.5,0,1.387,119.43,"16,702",,,,,,,
1999-05,2.625,2.2,3.5,0,1.448,120.88,"16,112",,,,,,,
1999-06,2.625,2.6,3.5,0,1.868,120.94,"17,530",,,,,,,
1999-07,2.625,2.6,3.5,0,1.740,114.70,"17,862",,,,,,,
1999-08,2.625,2.6,3.5,0,1.911,109.30,"17,437",,,,,,,
1999-09,2.625,2.6,3.5,0,1.619,106.82,"17,605",,,,,,,
1999-10,2.625,2.6,3.5,0,1.743,104.29,"17,942",,,,,,,
1999-11,2.625,2.6,3.5,0,1.808,101.80,"18,558",,,,,,,
1999-12,2.625,2.6,3.5,0,1.680,102.16,"18,934",,,,,,,
2000-01,2.625,2.6,3.5,0,1.671,107.33,"19,540",,,,,,,
2000-02,2.625,2.6,3.5,0,1.827,109.88,"19,960",,,,,,,
2000-03,2.625,2.6,3.5,0,1.776,102.73,"20,337",,,,,,,
2000-04,2.625,2.6,3.5,0,1.739,107.98,"17,974",,,,,,,
2000-05,2.625,2.6,3.5,0,1.648,107.74,"16,332",,,,,,,
2000-06,2.625,2.6,3.5,0,1.712,106.14,"17,411",,,,,,,
2000-07,2.625,2.6,3.5,0,1.649,109.68,"15,727",,,,,,,
2000-08,2.625,2.6,3.5,0.25,1.863,106.66,"16,861",,,,,,,日銀：ゼロ金利一時解除
2000-09,2.625,2.6,3.5,0.25,1.824,107.90,"15,747",,,,,,,
2000-10,2.625,2.6,3.5,0.25,1.799,109.15,"14,540",,,,,,,
2000-11,2.625,2.6,3.5,0.25,1.610,110.93,"14,649",,,,,,,
2000-12,2.625,2,3.5,0.25,1.650,114.35,"13,786",,,,,,,
2001-01,2.625,2,3.5,0.25,1.455,116.39,"13,844",,,,,,,
2001-02,2.625,2,3.5,0.25,1.323,117.28,"12,884",,,,,,,
2001-03,2.625,2,3.5,0,1.240,125.54,"13,000",,,,,,,日銀：量的緩和導入
2001-04,2.625,2,3.5,0,1.325,123.57,"13,934",,,,,,,
2001-05,2.625,2,3.5,0,1.216,118.88,"13,262",,,,,,,
2001-06,2.625,2.3,3.2,0,1.183,124.73,"12,969",,,,,,,
2001-07,2.625,2.3,3.2,0,1.333,125.00,"11,861",,,,,,,
2001-08,2.625,2.3,3.2,0,1.328,118.75,"10,714",,,,,,,
2001-09,2.625,2.3,3.2,0,1.409,119.23,"9,775",,,,,,,
2001-10,2.625,2.3,3.2,0,1.326,122.54,"10,366",,,,,,,
2001-11,2.625,2.3,3.2,0,1.355,123.22,"10,697",,,,,,,
2001-12,2.625,2.3,3.2,0,1.369,131.04,"10,543",,,,,,,
2002-01,2.625,2.3,3.2,0,1.486,134.06,"9,998",,,,,,,
2002-02,2.625,2.3,3.2,0,1.511,133.96,"10,588",,,,,,,
2002-03,2.625,2.3,3.2,0,1.399,132.70,"11,025",,,,,,,
2002-04,2.625,2.3,3.2,0,1.375,128.45,"11,493",,,,,,,
2002-05,2.625,2.3,3.2,0,1.371,124.13,"11,764",,,,,,,
2002-06,2.625,2.25,3.3,0,1.305,119.85,"10,622",,,,,,,
2002-07,2.625,2.25,3.3,0,1.314,119.77,"9,878",,,,,,,
2002-08,2.625,2.25,3.3,0,1.144,118.76,"9,619",,,,,,,
2002-09,2.625,2.25,3.3,0,1.165,121.74,"9,383",,,,,,,
2002-10,2.625,2.25,3.3,0,0.988,122.78,"8,640",,,,,,,
2002-11,2.625,2.25,3.3,0,0.973,122.72,"9,216",,,,,,,
2002-12,2.625,2.25,3.3,0,0.906,118.75,"8,579",,,,,,,
2003-01,2.625,2.25,3.3,0,0.810,119.96,"8,340",,,,,,,
2003-02,2.625,2.25,3.3,0,0.786,118.22,"8,363",,,,,,,
2003-03,2.625,2.25,3.3,0,0.705,118.07,"7,973",,,,,,,
2003-04,2.625,2.25,3.3,0,0.612,119.07,"7,831",,,,,,,
2003-05,2.625,2.25,3.3,0,0.538,119.50,"8,425",,,,,,,
2003-06,2.625,2.25,3,0,0.821,119.87,"9,083",,,,,,,市場：長期金利が歴史的急低下（新発10年債0.43%の「VaRショック」前夜）
2003-07,2.625,2.25,3,0,0.938,120.42,"9,563",,,,,,,
2003-08,2.625,2.25,3,0,1.432,116.71,"10,344",,,,,,,
2003-09,2.625,2.25,3,0,1.398,111.43,"10,219",,,,,,,
2003-10,2.625,2.25,3,0,1.463,110.10,"10,560",,,,,,,
2003-11,2.625,2.25,3,0,1.315,109.53,"10,101",,,,,,,
2003-12,2.625,2.25,3,0,1.363,107.13,"10,677",,,,,,,
2004-01,2.625,2.25,3,0,1.322,105.84,"10,784",,,,,,,
2004-02,2.625,2.25,3,0,1.243,109.26,"11,042",,,,,,,
2004-03,2.625,2.25,3,0,1.434,104.18,"11,715",,,,,,,
2004-04,2.625,2.25,3,0,1.535,110.37,"11,762",,,,,,,
2004-05,2.625,2.25,3,0,1.535,110.18,"11,236",,,,,,,
2004-06,2.625,2.25,3.8,0,1.766,109.43,"11,859",,,,,,,市場：長期金利が1.8%近くまで急反発 / 銀行：固定10年（青）も連動して3.80%へ急上昇
2004-07,2.625,2.25,3.8,0,1.854,111.39,"11,326",,,,,,,
2004-08,2.625,2.25,3.8,0,1.568,109.00,"11,082",,,,,,,
2004-09,2.625,2.25,3.8,0,1.451,110.20,"10,824",,,,,,,
2004-10,2.625,2.25,3.8,0,1.499,106.04,"10,771",,,,,,,
2004-11,2.625,2.25,3.8,0,1.463,103.04,"10,899",,,,,,,
2004-12,2.625,2.25,3.8,0,1.437,102.68,"11,489",,,,,,,
2005-01,2.625,2.25,3.8,0,1.333,103.55,"11,388",,,,,,,
2005-02,2.625,2.25,3.8,0,1.469,104.25,"11,741",,,,,,,
2005-03,2.625,2.25,3.8,0,1.333,107.22,"11,669",,,,,,,
2005-04,2.625,2.25,3.8,0,1.247,104.64,"11,009",,,,,,,
2005-05,2.625,2.25,3.8,0,1.262,107.97,"11,277",,,,,,,
2005-06,2.625,2.25,3.7,0,1.174,110.91,"11,584",,,,,,,
2005-07,2.625,2.25,3.7,0,1.307,112.25,"11,900",,,,,,,
2005-08,2.625,2.25,3.7,0,1.347,110.84,"12,414",,,,,,,
2005-09,2.625,2.25,3.7,0,1.472,113.29,"13,574",,,,,,,
2005-10,2.625,2.25,3.7,0,1.549,116.36,"13,607",,,,,,,
2005-11,2.625,2.25,3.7,0,1.445,119.66,"14,872",,,,,,,
2005-12,2.625,2.25,3.7,0,1.473,117.88,"16,111",,,,,,,
2006-01,2.625,2.25,3.7,0,1.555,116.88,"16,650",,,,,,,
2006-02,2.625,2.25,3.7,0,1.586,115.82,"16,205",,,,,,,
2006-03,2.625,2.25,3.7,0,1.754,117.48,"17,060",,,,,,,
2006-04,2.625,2.25,3.7,0,1.913,113.79,"16,906",,,,,,,
2006-05,2.625,2.25,3.7,0,1.831,112.26,"15,467",,,,,,,
2006-06,2.625,2.25,3.7,0,1.914,114.51,"15,505",,,,,,,
2006-07,2.625,2.25,3.7,0.25,1.932,114.44,"15,457",,,,,,,日銀：ゼロ金利政策解除
2006-08,2.625,2.25,3.7,0.25,1.644,117.35,"16,141",,,,,,,
2006-09,2.625,2.25,3.7,0.25,1.671,117.99,"16,128",,,,,,,
2006-10,2.625,2.25,3.7,0.25,1.722,116.82,"16,399",,,,,,,
2006-11,2.625,2.25,3.7,0.25,1.670,115.55,"16,274",,,,,,,
2006-12,2.625,2.25,3.9,0.25,1.678,119.02,"17,226",,,,,,,
2007-01,2.625,2.25,3.9,0.25,1.704,121.02,"17,383",,,,,,,
2007-02,2.875,2.25,3.9,0.5,1.644,118.33,"17,604",,,,,,,日銀：利上げ / 変動ローン2.875%へ
2007-03,2.875,2.25,3.9,0.5,1.655,117.56,"17,288",,,,,,,
2007-04,2.875,2.25,3.9,0.5,1.631,119.44,"17,400",,,,,,,
2007-05,2.875,2.25,3.9,0.5,1.751,121.76,"17,876",,,,,,,
2007-06,2.875,3.3,3.7,0.5,1.866,123.39,"18,138",,,,,,,
2007-07,2.875,3.3,3.7,0.5,1.801,119.13,"17,249",,,,,,,
2007-08,2.875,3.3,3.7,0.5,1.616,115.83,"16,569",,,,,,,
2007-09,2.875,3.3,3.7,0.5,1.679,114.97,"16,786",,,,,,,
2007-10,2.875,3.3,3.7,0.5,1.615,115.27,"16,738",,,,,,,
2007-11,2.875,3.3,3.7,0.5,1.499,111.02,"15,681",,,,,,,
2007-12,2.875,3.3,3.7,0.5,1.502,111.71,"15,308",,,,,,,
2008-01,2.875,3.3,3.7,0.5,1.443,106.74,"13,592",,,,,,,
2008-02,2.875,3.3,3.7,0.5,1.373,104.19,"13,603",,,,,,,
2008-03,2.875,3.3,3.7,0.5,1.285,99.85,"12,526",,,,,,,
2008-04,2.875,3.3,3.7,0.5,1.564,104.53,"13,850",,,,,,,
2008-05,2.875,3.3,3.7,0.5,1.758,105.46,"14,339",,,,,,,
2008-06,2.875,3.5,4,0.5,1.606,106.17,"13,481",,,,,,,
2008-07,2.875,3.5,4,0.5,1.545,108.10,"13,377",,,,,,,
2008-08,2.875,3.5,4,0.5,1.421,108.69,"13,073",,,,,,,
2008-09,2.875,3.5,4,0.5,1.465,105.94,"11,260",,,,,,,
2008-10,2.875,3.5,4,0.3,1.473,98.28,"8,577",,,,,,,リーマンショック発生
2008-11,2.875,3.5,4,0.3,1.419,95.46,"8,512",,,,,,,
2008-12,2.875,3.5,4,0.3,1.177,90.79,"8,860",,,,,,,
2009-01,2.475,3.1,3.8,0.1,1.303,89.83,"7,994",,,,,,,変動ローン2.475%固定期間の開始
2009-02,2.475,3.1,3.8,0.1,1.295,97.74,"7,568",,,,,,,
2009-03,2.475,3.1,3.8,0.1,1.342,99.15,"8,110",,,,,,,
2009-04,2.475,3.1,3.8,0.1,1.422,98.76,"8,828",,,,,,,
2009-05,2.475,3.1,3.8,0.1,1.496,95.55,"9,523",,,,,,,
2009-06,2.475,3.1,3.8,0.1,1.362,96.42,"9,958",,,,,,,
2009-07,2.475,3.1,3.8,0.1,1.421,94.54,"10,357",,,,,,,
2009-08,2.475,3.1,3.8,0.1,1.330,92.82,"10,493",,,,,,,
2009-09,2.475,3.1,3.8,0.1,1.300,89.49,"10,133",,,,,,,
2009-10,2.475,3.1,3.8,0.1,1.411,90.50,"10,035",,,,,,,
2009-11,2.475,3.1,3.8,0.1,1.290,86.12,"9,346",,,,,,,
2009-12,2.475,3.1,3.8,0.1,1.289,93.08,"10,546",,,,,,,
2010-01,2.475,3.1,3.8,0.1,1.330,90.38,"10,198",,,,,,,
2010-02,2.475,3.1,3.8,0.1,1.318,88.84,"10,126",,,,,,,
2010-03,2.475,3.1,3.8,0.1,1.395,93.40,"11,090",,,,,,,
2010-04,2.475,3.1,3.8,0.1,1.301,94.24,"11,057",,,,,,,
2010-05,2.475,3.1,3.8,0.1,1.284,90.81,"9,769",,,,,,,
2010-06,2.475,3.15,3.9,0.1,1.095,88.49,"9,383",,,,,,,
2010-07,2.475,3.15,3.9,0.1,1.081,86.43,"9,537",,,,,,,
2010-08,2.475,3.15,3.9,0.1,0.992,84.10,"8,824",,,,,,,
2010-09,2.475,3.15,3.9,0.1,0.937,83.53,"9,369",,,,,,,
2010-10,2.475,3.15,3.9,0.1,0.937,80.48,"9,202",,,,,,,
2010-11,2.475,3.15,3.9,0.1,1.190,83.56,"9,937",,,,,,,
2010-12,2.475,3.15,3.9,0.1,1.127,81.67,"10,229",,,,,,,
2011-01,2.475,3.15,3.9,0.1,1.220,81.97,"10,238",,,,,,,
2011-02,2.475,3.15,3.9,0.1,1.266,81.94,"10,624",,,,,,,
2011-03,2.475,3.15,3.9,0.1,1.255,82.76,"9,755",,,,,,,
2011-04,2.475,3.15,3.9,0.1,1.217,81.31,"9,850",,,,,,,
2011-05,2.475,3.15,3.9,0.1,1.169,81.29,"9,694",,,,,,,
2011-06,2.475,3.15,3.9,0.1,1.138,80.64,"9,816",,,,,,,
2011-07,2.475,3.15,3.9,0.1,1.095,77.18,"9,833",,,,,,,
2011-08,2.475,3.15,3.9,0.1,1.056,76.50,"8,955",,,,,,,
2011-09,2.475,3.15,3.9,0.1,1.032,77.04,"8,700",,,,,,,
2011-10,2.475,3.15,3.9,0.1,1.056,77.97,"8,988",,,,,,,
2011-11,2.475,3.15,3.9,0.1,1.082,77.58,"8,435",,,,,,,
2011-12,2.475,3.15,3.9,0.1,0.987,76.98,"8,455",,,,,,,
2012-01,2.475,3.15,3.9,0.1,0.974,76.34,"8,803",,,,,,,
2012-02,2.475,3.15,3.9,0.1,0.977,81.10,"9,723",,,,,,,
2012-03,2.475,3.15,3.9,0.1,0.988,82.41,"10,084",,,,,,,
2012-04,2.475,3.15,3.9,0.1,0.902,79.81,"9,521",,,,,,,
2012-05,2.475,3.15,3.9,0.1,0.848,78.29,"8,543",,,,,,,
2012-06,2.475,3.15,3.6,0.1,0.839,79.81,"9,007",,,,,,,
2012-07,2.475,3.15,3.6,0.1,0.802,78.10,"8,695",,,,,,,
2012-08,2.475,3.15,3.6,0.1,0.817,78.30,"8,840",,,,,,,
2012-09,2.475,3.15,3.6,0.1,0.774,77.92,"8,870",,,,,,,
2012-10,2.475,3.15,3.6,0.1,0.784,79.94,"8,928",,,,,,,
2012-11,2.475,3.15,3.6,0.1,0.730,82.54,"9,446",,,,,,,
2012-12,2.475,3.15,3.6,0.1,0.794,86.64,"10,395",,,,,,,
2013-01,2.475,3.15,3.6,0.1,0.763,91.28,"11,139",,,,,,,
2013-02,2.475,3.15,3.6,0.1,0.681,92.36,"11,559",,,,,,,
2013-03,2.475,3.15,3.6,0.1,0.564,94.16,"12,398",,,,,,,
2013-04,2.475,3.15,3.6,0.1,0.611,97.52,"13,861",,,,,,,日銀：異次元緩和導入（国債大量購入により長期金利低下へ）
2013-05,2.475,3.15,3.6,0.1,0.865,100.83,"13,775",,,,,,,
2013-06,2.475,3.15,3.6,0.1,0.845,99.21,"13,677",,,,,,,
2013-07,2.475,3.15,3.6,0.1,0.797,98.35,"13,668",,,,,,,
2013-08,2.475,3.15,3.6,0.1,0.735,98.22,"13,389",,,,,,,
2013-09,2.475,3.15,3.6,0.1,0.685,98.29,"14,456",,,,,,,
2013-10,2.475,3.15,3.6,0.1,0.603,98.10,"14,328",,,,,,,
2013-11,2.475,3.15,3.6,0.1,0.611,102.45,"15,662",,,,,,,
2013-12,2.475,3.15,3.6,0.1,0.736,105.25,"16,291",,,,,,,
2014-01,2.475,3.15,3.6,0.1,0.627,102.28,"14,915",,,,,,,
2014-02,2.475,3.15,3.6,0.1,0.594,102.08,"14,841",,,,,,,
2014-03,2.475,3.15,3.6,0.1,0.641,102.98,"14,828",,,,,,,
2014-04,2.475,3.15,3.6,0.1,0.623,102.14,"14,304",,,,,,,
2014-05,2.475,3.15,3.6,0.1,0.589,101.77,"14,632",,,,,,,
2014-06,2.475,3.05,3.4,0.1,0.564,101.28,"15,162",,,,,,,
2014-07,2.475,3.05,3.4,0.1,0.542,102.75,"15,621",,,,,,,
2014-08,2.475,3.05,3.4,0.1,0.508,104.00,"15,425",,,,,,,
2014-09,2.475,3.05,3.4,0.1,0.522,109.66,"16,174",,,,,,,
2014-10,2.475,3.05,3.4,0.1,0.466,112.09,"16,414",,,,,,,
2014-11,2.475,3.05,3.4,0.1,0.431,118.70,"17,460",,,,,,,
2014-12,2.475,3.05,3.4,0.1,0.325,119.85,"17,451","4,379","6,197","4,598","3,375","2,882","2,304",
2015-01,2.475,3.05,3.4,0.1,0.288,117.44,"17,674","4,402","6,201","4,658","3,385","2,952","2,348",
2015-02,2.475,3.05,3.4,0.1,0.349,119.72,"18,798","4,459","6,335","4,706","3,414","2,965","2,357",
2015-03,2.475,3.05,3.4,0.1,0.398,119.96,"19,207","4,536","6,468","4,737","3,429","3,094","2,350",
2015-04,2.475,3.05,3.4,0.1,0.336,119.86,"19,520","4,563","6,492","4,781","3,484","3,080","2,323",
2015-05,2.475,3.05,3.4,0.1,0.406,123.98,"20,563","4,606","6,487","4,839","3,524","3,165","2,344",
2015-06,2.475,3.05,3.2,0.1,0.451,122.10,"20,236","4,684","6,574","4,866","3,589","3,208","2,335",
2015-07,2.475,3.05,3.2,0.1,0.414,123.94,"20,585","4,764","6,695","4,961","3,598","3,249","2,272",
2015-08,2.475,3.05,3.2,0.1,0.392,121.26,"18,890","4,866","6,829","5,018","3,672","3,232","2,353",
2015-09,2.475,3.05,3.2,0.1,0.348,119.81,"17,388","4,913","6,921","4,992","3,713","3,213","2,364",
2015-10,2.475,3.05,3.2,0.1,0.306,120.70,"19,083","4,978","6,969","5,039","3,742","3,314","2,354",
2015-11,2.475,3.05,3.2,0.1,0.317,123.22,"19,747","5,063","7,056","5,104","3,778","3,458","2,418",
2015-12,2.475,3.05,3.2,0.1,0.267,120.27,"19,034","4,913","6,921","4,992","3,713","3,213","2,364",
2016-01,2.475,3.05,3.2,-0.1,0.104,121.05,"17,518","4,978","6,969","5,039","3,742","3,314","2,354",日銀：マイナス金利導入方針発表
2016-02,2.475,3.05,3.2,-0.1,-0.055,112.90,"16,027","5,063","7,056","5,104","3,778","3,458","2,418",
2016-03,2.475,3.05,3.2,-0.1,-0.049,112.42,"16,759","5,179","7,146","5,185","3,899","3,671","2,543",
2016-04,2.475,3.05,3.2,-0.1,-0.082,106.90,"16,666","5,256","7,174","5,226","3,954","3,772","2,556",
2016-05,2.475,3.05,3.2,-0.1,-0.112,110.75,"17,235","5,268","7,146","5,217","3,987","3,797","2,508",
2016-06,2.475,3.05,2.9,-0.1,-0.237,102.77,"15,576","5,287","7,150","5,489","4,013","3,804","2,498",市場：長期金利が歴史上初めてマイナス（-0.1%）に突入 / 銀行：固定10年が2.90%（最低水準）へ落とし込まれる
2016-07,2.475,3.05,2.9,-0.1,-0.178,102.32,"16,569","5,279","7,184","5,283","4,002","3,864","2,505",
2016-08,2.475,3.05,2.9,-0.1,-0.058,103.38,"16,887","5,279","7,203","5,224","4,017","3,857","2,566",
2016-09,2.475,3.05,2.9,-0.1,-0.084,101.21,"16,450","5,264","7,198","5,176","4,025","3,802","2,570",
2016-10,2.475,3.05,2.9,-0.1,-0.049,105.07,"17,425","5,245","7,046","5,107","3,997","3,757","2,580",
2016-11,2.475,3.05,2.9,-0.1,0.021,114.34,"18,308","5,281","7,266","5,182","4,048","3,770","2,584",
2016-12,2.475,3.05,2.9,-0.1,0.043,116.78,"19,114","5,328","7,310","5,411","4,098","3,778","2,592",
2017-01,2.475,3.05,2.9,-0.1,0.087,112.72,"19,041","5,317","7,282","5,410","4,117","3,742","2,689",
2017-02,2.475,3.05,2.9,-0.1,0.059,112.06,"19,119","5,328","7,268","5,194","4,114","3,763","2,720",
2017-03,2.475,3.05,2.9,-0.1,0.067,111.41,"18,909","5,311","7,277","5,195","4,151","3,706","2,749",
2017-04,2.475,3.05,2.9,-0.1,0.016,111.44,"19,197","5,323","7,303","5,233","4,146","3,650","2,721",
2017-05,2.475,3.05,2.9,-0.1,0.050,110.71,"19,651","5,317","7,336","5,238","4,124","3,660","2,731",
2017-06,2.475,2.9,3.1,-0.1,0.086,112.40,"20,033","5,309","7,312","5,222","4,152","3,670","2,759",
2017-07,2.475,2.9,3.1,-0.1,0.078,110.38,"19,925","5,326","7,286","5,298","4,155","3,733","2,741",
2017-08,2.475,2.9,3.1,-0.1,0.008,110.06,"19,646","5,338","7,388","5,299","4,170","3,730","2,713",
2017-09,2.475,2.9,3.1,-0.1,0.062,112.64,"20,356","5,292","7,325","5,243","4,155","3,737","2,767",
2017-10,2.475,2.9,3.1,-0.1,0.071,113.63,"22,012","5,292","7,327","5,303","4,158","3,795","2,723",
2017-11,2.475,2.9,3.1,-0.1,0.040,112.30,"22,725","5,332","7,364","5,316","4,175","3,828","2,716",
2017-12,2.475,2.9,3.1,-0.1,0.047,112.69,"22,765","5,340","7,367","5,357","4,187","3,846","2,739",
2018-01,2.475,2.9,3.1,-0.1,0.085,109.31,"23,098","5,326","7,354","5,364","4,168","3,840","2,805",
2018-02,2.475,2.9,3.1,-0.1,0.054,106.62,"22,068","5,326","7,381","5,327","4,141","3,826","2,878",
2018-03,2.475,2.9,3.1,-0.1,0.043,106.20,"21,454","5,387","7,455","5,371","4,188","3,856","2,908",
2018-04,2.475,2.9,3.1,-0.1,0.055,109.28,"22,468","5,372","7,488","5,335","4,184","3,887","2,862",
2018-05,2.475,2.9,3.1,-0.1,0.039,108.73,"22,202","5,376","7,483","5,328","4,181","3,926","2,900",
2018-06,2.475,2.95,3.2,-0.1,0.040,110.71,"22,305","5,383","7,582","5,341","4,187","3,927","2,876",
2018-07,2.475,2.95,3.2,-0.1,0.050,111.88,"22,554","5,376","7,545","5,341","4,169","3,970","2,930",
2018-08,2.475,2.95,3.2,-0.1,0.110,110.98,"22,865","5,406","7,569","5,335","4,206","4,012","2,898",
2018-09,2.475,2.95,3.2,-0.1,0.134,113.48,"24,120","5,389","7,529","5,349","4,192","4,023","2,905",
2018-10,2.475,2.95,3.2,-0.1,0.127,112.86,"21,920","5,398","7,543","5,320","4,193","4,029","2,909",
2018-11,2.475,2.95,3.2,-0.1,0.097,113.54,"22,351","5,438","7,556","5,389","4,200","4,029","2,987",
2018-12,2.475,2.95,3.2,-0.1,0.013,109.70,"20,015","5,641","7,601","5,419","4,207","4,105","2,936",
2019-01,2.475,2.95,3.2,-0.1,0.006,108.84,"20,773","5,457","7,565","5,434","4,210","4,135","3,142",
2019-02,2.475,2.95,3.2,-0.1,-0.019,111.38,"21,385","5,472","7,609","5,458","4,227","4,139","3,106",
2019-03,2.475,2.95,3.2,-0.1,-0.082,110.68,"21,206","5,489","7,622","5,460","4,217","4,213","3,035",
2019-04,2.475,2.95,3.2,-0.1,-0.045,111.40,"22,259","5,550","7,732","5,499","4,222","4,209","3,033",
2019-05,2.475,2.95,3.2,-0.1,-0.092,108.66,"20,601","5,541","7,772","5,475","4,222","4,270","2,974",
2019-06,2.475,2.95,3.05,-0.1,-0.156,107.84,"21,276","5,459","7,787","5,358","4,187","4,355","2,963",
2019-07,2.475,2.95,3.05,-0.1,-0.157,108.58,"21,522","5,573","7,868","5,458","4,245","4,359","3,007",
2019-08,2.475,2.95,3.05,-0.1,-0.275,106.30,"20,704","5,637","7,958","5,481","4,286","4,385","2,992",
2019-09,2.475,2.95,3.05,-0.1,-0.206,108.11,"21,756","5,764","8,065","5,515","4,316","4,401","2,984",
2019-10,2.475,2.95,3.05,-0.1,-0.139,108.09,"22,927","5,609","8,027","5,418","4,253","4,467","2,884",
2019-11,2.475,2.95,3.05,-0.1,-0.075,109.47,"23,294","5,609","8,050","5,448","4,295","4,477","2,890",
2019-12,2.475,2.95,3.05,-0.1,-0.015,108.67,"23,657","5,635","8,109","5,464","4,307","4,564","2,935",
2020-01,2.475,2.95,3.05,-0.1,-0.061,108.50,"23,205","5,662","8,154","5,466","4,328","4,453","3,049",
2020-02,2.475,2.95,3.05,-0.1,-0.153,108.12,"21,143","5,666","8,203","5,461","4,310","4,427","2,893",
2020-03,2.475,2.95,3.05,-0.1,0.031,107.53,"18,917","5,673","8,282","5,511","4,300","4,567","2,942",
2020-04,2.475,2.95,3.05,-0.1,-0.036,106.94,"20,194","5,736","8,345","5,541","4,305","4,635","2,942",
2020-05,2.475,2.95,3.05,-0.1,0.009,107.77,"21,878","5,692","8,373","5,487","4,275","4,611","2,952",
2020-06,2.475,3,3.15,-0.1,0.042,107.77,"22,288","5,664","8,294","5,492","4,283","4,530","2,965",
2020-07,2.475,3,3.15,-0.1,0.018,105.78,"21,710","5,721","8,411","5,546","4,279","4,569","3,008",
2020-08,2.475,3,3.15,-0.1,0.056,105.84,"23,140","5,768","8,506","5,559","4,296","4,527","2,958",
2020-09,2.475,3,3.15,-0.1,0.027,105.58,"23,185","5,827","8,582","5,587","4,315","4,525","2,960",
2020-10,2.475,3,3.15,-0.1,0.041,104.54,"22,977","5,855","8,546","5,654","4,326","4,508","2,962",
2020-11,2.475,3,3.15,-0.1,0.034,104.38,"26,434","5,931","8,564","5,762","4,392","4,491","2,952",
2020-12,2.475,3,3.15,-0.1,0.035,103.19,"27,444","5,997","8,662","5,806","4,420","4,533","2,985",
2021-01,2.475,3,3.15,-0.1,0.056,104.64,"27,663","6,041","8,786","5,830","4,446","4,577","3,021",
2021-02,2.475,3,3.15,-0.1,0.168,106.64,"28,966","6,071","8,856","5,827","4,485","4,626","2,995",
2021-03,2.475,3,3.15,-0.1,0.104,110.61,"29,179","6,141","8,916","5,932","4,562","4,638","3,104",
2021-04,2.475,3,3.15,-0.1,0.095,109.33,"28,813","6,272","9,112","5,972","4,608","4,659","3,174",
2021-05,2.475,3,3.15,-0.1,0.084,109.83,"28,860","6,306","9,117","6,015","4,639","4,683","3,172",
2021-06,2.475,3.05,3.2,-0.1,0.070,111.05,"28,792","6,329","9,164","6,018","4,670","4,755","3,179",
2021-07,2.475,3.05,3.2,-0.1,0.022,109.70,"27,284","6,380","9,171","6,126","4,747","4,709","3,219",
2021-08,2.475,3.05,3.2,-0.1,0.030,110.05,"28,090","6,427","9,252","6,164","4,775","4,804","3,308",
2021-09,2.475,3.05,3.2,-0.1,0.081,111.50,"29,453","6,435","9,239","6,212","4,828","4,826","3,284",
2021-10,2.475,3.05,3.2,-0.1,0.101,114.03,"28,893","6,465","9,262","6,272","4,860","4,802","3,372",
2021-11,2.475,3.05,3.2,-0.1,0.067,113.22,"27,822","6,522","9,363","6,329","4,908","4,816","3,401",
2021-12,2.475,3.05,3.2,-0.1,0.089,115.17,"28,792","6,602","9,411","6,412","4,963","4,863","3,474",
2022-01,2.475,3.05,3.2,-0.1,0.177,115.22,"27,002","6,670","9,531","6,492","5,012","4,875","3,455",
2022-02,2.475,3.05,3.2,-0.1,0.191,115.11,"26,527","6,702","9,616","6,515","5,051","4,891","3,457",
2022-03,2.475,3.05,3.2,-0.1,0.218,121.44,"27,821","6,784","9,696","6,566","5,126","4,922","3,521",
2022-04,2.475,3.05,3.2,-0.1,0.220,129.84,"26,848","6,795","9,735","6,556","5,173","4,922","3,503",
2022-05,2.475,3.05,3.2,-0.1,0.246,128.53,"27,280","6,799","9,772","6,597","5,168","4,959","3,577",
2022-06,2.475,3.1,3.5,-0.1,0.242,135.69,"26,393","6,840","9,791","6,683","5,219","5,001","3,505",日銀：YCC（イールドカーブ・コントロール）により長期金利を0.25%に抑制
2022-07,2.475,3.1,3.5,-0.1,0.185,133.25,"27,802","6,846","9,811","6,679","5,256","5,196","3,563",
2022-08,2.475,3.1,3.5,-0.1,0.235,138.69,"28,092","6,884","9,832","6,714","5,287","5,300","3,589",
2022-09,2.475,3.1,3.5,-0.1,0.277,144.71,"25,937","6,926","9,868","6,743","5,326","5,208","3,614",
2022-10,2.475,3.1,3.5,-0.1,0.253,148.63,"27,587","6,971","9,950","6,762","5,348","5,246","3,701",
2022-11,2.475,3.1,3.5,-0.1,0.276,139.31,"27,969","6,945","10,013","6,741","5,342","5,305","3,671",
2022-12,2.475,3.1,3.5,-0.1,0.454,131.81,"26,095","6,941","9,983","6,799","5,339","5,271","3,679",
2023-01,2.475,3.1,3.5,-0.1,0.511,130.17,"27,327","6,939","9,965","6,848","5,328","5,249","3,675",
2023-02,2.475,3.1,3.5,-0.1,0.524,136.09,"27,446","6,977","10,038","6,853","5,312","5,273","3,746",
2023-03,2.475,3.1,3.5,-0.1,0.389,132.75,"28,041","7,034","10,178","6,932","5,309","5,276","3,768",
2023-04,2.475,3.1,3.5,-0.1,0.403,135.99,"28,856","7,049","10,225","6,934","5,295","5,319","3,734",
2023-05,2.475,3.1,3.5,-0.1,0.448,139.78,"30,888","7,047","10,256","6,886","5,304","5,312","3,705",
2023-06,2.475,3.3,3.8,-0.1,0.426,144.47,"33,189","7,039","10,301","6,889","5,294","5,368","3,696",
2023-07,2.475,3.3,3.8,-0.1,0.605,142.18,"33,172","7,034","10,352","6,885","5,298","5,381","3,655",
2023-08,2.475,3.3,3.8,-0.1,0.657,145.68,"32,619","7,030","10,426","6,876","5,292","5,347","3,697",
2023-09,2.475,3.3,3.8,-0.1,0.774,149.43,"31,858","7,034","10,352","6,885","5,298","5,381","3,655",
2023-10,2.475,3.3,3.8,-0.1,0.952,151.46,"30,859","7,030","10,426","6,876","5,292","5,347","3,697",日銀：YCCの運用柔軟化、長期金利の上限1.0%容認により長期金利が急上昇
2023-11,2.475,3.3,3.8,-0.1,0.691,147.87,"33,487","7,098","10,604","6,935","5,309","5,321","3,651",
2023-12,2.475,3.3,3.8,-0.1,0.647,140.92,"33,464","7,144","10,995","6,905","5,313","5,218","3,610",
2024-01,2.475,3.3,3.8,-0.1,0.737,146.26,"36,287","7,185","11,138","6,911","5,346","5,335","3,624",
2024-02,2.475,3.3,3.8,-0.1,0.724,149.90,"39,166","7,204","11,380","6,876","5,351","5,351","3,642",
2024-03,2.475,3.3,3.8,0.1,0.750,151.22,"40,369","7,242","11,507","6,914","5,347","5,460","3,597",日銀：マイナス金利およびYCCの撤廃（金利自由化へ）
2024-04,2.475,3.3,3.8,0.1,0.879,157.54,"38,406","7,231","11,588","6,942","5,300","5,547","3,620",
2024-05,2.475,3.3,3.8,0.1,1.080,157.19,"38,488","7,386","11,924","7,030","5,339","5,753","3,713",
2024-06,2.475,3.4,3.9,0.1,1.062,160.88,"39,583","7,475","12,058","7,195","5,390","5,836","3,677",市場：長期金利が11年ぶりに1.0%台に到達
2024-07,2.475,3.4,3.9,0.25,1.070,150.38,"39,102","7,551","12,276","7,231","5,412","6,052","3,780",日銀：追加利上げ
2024-08,2.475,3.4,3.9,0.25,0.922,145.95,"38,648","7,750","12,756","7,351","5,484","6,203","3,730",
2024-09,2.475,3.5,4,0.25,0.894,143.25,"37,920","8,053","13,407","7,448","5,639","6,280","3,753",
2024-10,2.475,3.5,4,0.25,0.947,152.35,"39,081","8,309","13,800","7,566","5,742","6,381","3,732",
2024-11,2.475,3.5,4,0.25,1.064,150.41,"38,208","8,531","14,128","7,633","5,868","6,399","3,568",
2024-12,2.475,3.5,4,0.25,1.111,157.37,"39,895","8,722","14,330","7,693","6,000","6,682","3,746",
2025-01,2.475,3.5,4,0.5,1.250,154.91,"39,572","9,021","14,767","7,890","6,128","6,940","3,746",日銀：追加利上げ
2025-02,2.475,3.5,4,0.5,1.378,150.64,"37,156","9,135","15,107","8,043","6,094","7,147","3,869",
2025-03,2.475,3.6,4.1,0.5,1.497,149.90,"35,618","9,501","15,612","8,159","6,247","7,263","3,900",
2025-04,2.475,3.6,4.1,0.5,1.330,142.63,"36,045","9,783","16,064","8,359","6,348","7,530","3,869",
2025-05,2.475,3.6,4.1,0.5,1.518,144.18,"37,965","10,088","16,341","8,475","6,572","7,791","3,955",
2025-06,2.475,3.6,4.1,0.5,1.462,144.17,"40,487","10,333","16,415","8,623","6,703","8,007","3,927",
2025-07,2.475,3.6,4.1,0.5,1.559,150.60,"41,070","10,477","16,699","8,764","6,825","8,194","3,837",
2025-08,2.475,3.6,4.1,0.5,1.613,146.90,"42,718","10,721","17,030","9,021","6,941","8,350","3,883",
2025-09,2.475,3.6,4.1,0.5,1.662,147.97,"44,933","11,034","17,550","9,081","7,010","8,456","3,837",
2025-10,2.475,3.6,4.1,0.5,1.670,154.05,"52,411","11,183","17,717","9,228","7,055","8,599","3,860",
2025-11,2.475,3.6,4.1,0.5,1.812,156.17,"50,254","11,485","17,898","9,518","7,297","8,761","3,961",
2025-12,2.475,3.6,4.1,0.75,2.066,156.80,"50,339","11,960","18,586","9,711","7,514","8,757","3,949",日銀：追加利上げ
2026-01,2.475,3.6,4.1,0.75,2.247,154.34,"53,323","12,123","18,796","9,933","7,648","8,994","3,948",
2026-02,2.475,3.6,4.1,0.75,2.132,156.05,"58,850","12,349","18,761","10,094","7,913","9,153","4,068",
2026-03,2.475,3.6,4.1,0.75,2.366,159.08,"51,064","12,425","18,732","10,300","7,966","9,303","4,067",
2026-04,3.125,3.8,4.3,0.75,2.520,156.66,"59,285","12,724","18,822","10,514","8,174","9,324","4,154",銀行：変動ローン3.125%へ改定
2026-05,3.125,3.8,4.3,0.75,2.657,159.23,"66,330","12,849","18,748","10,674","8,294","9,292","4,096",
2026-06,3.125,3.8,4.3,1,2.690,161.67,"69,468",,,,,,,日銀：追加利上げ（1.00%化） / 長期金利も1.8%超へ上昇
